"NC400A","https://www.youtube.com/watch?v=jj5y_7vMLVM"
"NC400","https://www.youtube.com/watch?v=hyxLcP7F_6Q"
"NC399","https://www.youtube.com/watch?v=22z5fQAPS0c"
"NC398","https://www.youtube.com/watch?v=OnvqJYZ21xI"
"NC397","https://www.youtube.com/watch?v=t57evj1Mv5A"
"NC396","https://www.youtube.com/watch?v=rt6dYtTj2hM"
"NC395","https://www.youtube.com/watch?v=lw3OuwqOh_U"
"NC394","https://www.youtube.com/watch?v=3iswyl2WE0g"
"NC393","https://www.youtube.com/watch?v=YQ8_L__KZJo"
"NC392","https://www.youtube.com/watch?v=63EmQ3sJMZg"
"NC391","https://www.youtube.com/watch?v=AF7N4SZOcPI"
"NC389","https://www.youtube.com/watch?v=byh640Y8Zeg"
"NC390","https://www.youtube.com/watch?v=QJM4oruXa8Y"
"NC388","https://www.youtube.com/watch?v=_HfL_vvGJg0"
"NC387","https://www.youtube.com/watch?v=gnSIlcElH-0"
"NC386","https://www.youtube.com/watch?v=oXbcuKHT0XE"
"NC385","https://www.youtube.com/watch?v=28mYTvIfUsM"
"NC384","https://www.youtube.com/watch?v=8Yoiu5WvwH8"
"NC383","https://www.youtube.com/watch?v=3uy4laKMDD4"
"NC382","https://www.youtube.com/watch?v=LT-yHQ4uWj0"
"NC381","https://www.youtube.com/watch?v=nqNx9jNjP1U"
"NC380","https://www.youtube.com/watch?v=k6eHELukurE"
"NC379","https://www.youtube.com/watch?v=vrLxrjBa5as"
"NC378","https://www.youtube.com/watch?v=E_JUaqUSHbk"
"NC377","https://www.youtube.com/watch?v=My8w6wMHVUA"
"NC376","https://www.youtube.com/watch?v=yPLg8VfjIGo"
"NC375","https://www.youtube.com/watch?v=tjp4StB4tIY"
"NC374","https://www.youtube.com/watch?v=yAzzJB97hYI"
"NC373","https://www.youtube.com/watch?v=X2LyScpzKcQ"
"NC372","https://www.youtube.com/watch?v=VXI4_PyRkso"
"NC371","https://www.youtube.com/watch?v=jsFQtVLoFho"
"NC370","https://www.youtube.com/watch?v=EV5-Iz-aQGw"
"NC369","https://www.youtube.com/watch?v=EMlGW6K920U"
"NC368","https://www.youtube.com/watch?v=i29wcxqg56U"
"NC367","https://www.youtube.com/watch?v=ggI3K2uNSXQ"
"NC366","https://www.youtube.com/watch?v=xwsVz21oqTY"
"NC365","https://www.youtube.com/watch?v=bx9ZLiotIk8"
"NC364","https://www.youtube.com/watch?v=-D1_FGq1Ptg"
"NC363","https://www.youtube.com/watch?v=8D2K1663c6c"
"NC362","https://www.youtube.com/watch?v=EXnHNW3omqc"
"NC361","https://www.youtube.com/watch?v=OTlk-Pmec4E"
"NC360","https://www.youtube.com/watch?v=YFhOl7zXVdQ"
"NC359","https://www.youtube.com/watch?v=U88CvUPiL1k"
"NC358","https://www.youtube.com/watch?v=mUz_gaCOmTQ"
"NC357","https://www.youtube.com/watch?v=Er4OEpcjyGI"
"NC356","https://www.youtube.com/watch?v=sugJk_oAUjI"
"NC355","https://www.youtube.com/watch?v=_VH6Jpk5mQg"
"NC354","https://www.youtube.com/watch?v=QYMjVWcjrwM"
"NC354A","https://www.youtube.com/watch?v=ekHRJOc2oUE"
"NC353","https://www.youtube.com/watch?v=gman21QL0po"
"NC352","https://www.youtube.com/watch?v=Z3PurxxH4TE"
"NC351","https://www.youtube.com/watch?v=2a1WBc8eR-c"
"NC350","https://www.youtube.com/watch?v=adQo5D9HeqU"
"NC349","https://www.youtube.com/watch?v=T99_OJzvRDU"
"NC348","https://www.youtube.com/watch?v=N8OHPm-ZHkU"
"NC347","https://www.youtube.com/watch?v=GpZM3f20H-4"
"NC346","https://www.youtube.com/watch?v=2U__Ua6ys2I"
"NC345","https://www.youtube.com/watch?v=LbMQp6dWMfk"
"NC344","https://www.youtube.com/watch?v=O4udWuEGSMs"
"NC343","https://www.youtube.com/watch?v=Hep9WsUL8Cg"
"NC342","https://www.youtube.com/watch?v=6GLPOSJzLQU"
"NC341","https://www.youtube.com/watch?v=x4jsLdxRsX8"
"NC340","https://www.youtube.com/watch?v=myCLWHe7w-M"
"NC339","https://www.youtube.com/watch?v=3womJqcsirM"
"NC338","https://www.youtube.com/watch?v=VwH-VlgTqhQ"
"NC337","https://www.youtube.com/watch?v=eaD5MgH_aNs"
"NC336","https://www.youtube.com/watch?v=2fBIQbaxxcs"
"NC335","https://www.youtube.com/watch?v=FQkF0J9vta4"
"NC334","https://www.youtube.com/watch?v=9iOSZDybisg"
"NC333","https://www.youtube.com/watch?v=9EL2bM3eax8"
"NC332","https://www.youtube.com/watch?v=dFS6J1EHGCE"
"NC331","https://www.youtube.com/watch?v=NL1_-Eo9AkM"
"NC330","https://www.youtube.com/watch?v=cOubrsE-P08"
"NC329","https://www.youtube.com/watch?v=7HVWHRNTrzI"
"NC328","https://www.youtube.com/watch?v=i5DcUsIahbs"
"NC327","https://www.youtube.com/watch?v=kXbj4r3wSOY"
"NC326","https://www.youtube.com/watch?v=qOVZR454XtU"
"NC325A","https://www.youtube.com/watch?v=NuZV6Le4UBc"
"NC325","https://www.youtube.com/watch?v=eyeMyD28O3M"
"NC324","https://www.youtube.com/watch?v=zxMKRcYzHZA"
"NC323","https://www.youtube.com/watch?v=ct2XSJqpaCU"
"NC322","https://www.youtube.com/watch?v=AiFg7R2AGLI"
"NC321","https://www.youtube.com/watch?v=wMYWMzgW1JI"
"NC320","https://www.youtube.com/watch?v=-6Jkyuua5A0"
"NC319","https://www.youtube.com/watch?v=QGoD3Y8Y3jQ"
"NC318","https://www.youtube.com/watch?v=BBlXrp-C2a8"
"NC317","https://www.youtube.com/watch?v=eMn_ZGunuCE"
"NC316","https://www.youtube.com/watch?v=ejpixdcx8Eo"
"NC315","https://www.youtube.com/watch?v=wQqwnvxVibI"
"NC314","https://www.youtube.com/watch?v=KGbAUlVZOQU"
"NC313","https://www.youtube.com/watch?v=LH9UPCnhVGA"
"NC312","https://www.youtube.com/watch?v=-nmnuHXcefQ"
"NC311","https://www.youtube.com/watch?v=4Lwr1EspVXw"
"NC310","https://www.youtube.com/watch?v=6Tyc0JoUlkI"
"NC309","https://www.youtube.com/watch?v=qPWbjT4HMHQ"
"NC308","https://www.youtube.com/watch?v=6Dx-nC4ESdE"
"NC307","https://www.youtube.com/watch?v=R1bxVBX9UTA"
"NC306","https://www.youtube.com/watch?v=pJGLL-akzWQ"
"NC305","https://www.youtube.com/watch?v=3h3EamRBygE"
"NC304","https://www.youtube.com/watch?v=uO7ADa_SgSc"
"NC303","https://www.youtube.com/watch?v=8sZmkhAlvcQ"
"NC302","https://www.youtube.com/watch?v=-dPhhVGd3U0"
"NC301","https://www.youtube.com/watch?v=CK8QO1k41qM"
"NC300","https://www.youtube.com/watch?v=a41FH5Ri8X4"
"NC299","https://www.youtube.com/watch?v=Nck-4Uiiqec"
"NC298","https://www.youtube.com/watch?v=9a3UaTUj6dY"
"NC297","https://www.youtube.com/watch?v=U8LMN-tIy34"
"NC296","https://www.youtube.com/watch?v=M2k26G3GZ34"
"NC295","https://www.youtube.com/watch?v=Die7s47j__A"
"NC294","https://www.youtube.com/watch?v=qh7JOzcRI9w"
"NC293","https://www.youtube.com/watch?v=_2tnZV1Xf9c"
"NC292","https://www.youtube.com/watch?v=5tfyfsvJN-4"
"NC291","https://www.youtube.com/watch?v=tY5tcWL3lPI"
"NC290","https://www.youtube.com/watch?v=3cJnHOPntpc"
"NC289","https://www.youtube.com/watch?v=6Hz5sFhDX6E"
"NC288","https://www.youtube.com/watch?v=3dGpyseywqQ"
"NC287","https://www.youtube.com/watch?v=GOsqLiQ9904"
"NC286","https://www.youtube.com/watch?v=_qe5dKRBeW4"
"NC285","https://www.youtube.com/watch?v=tQ62XQ_A8P8"
"NC284","https://www.youtube.com/watch?v=z-GSK4TkAsY"
"NC283","https://www.youtube.com/watch?v=WJJ_Hir3TmQ"
"NC282","https://www.youtube.com/watch?v=IXZOAXEgdFY"
"NC281A","https://www.youtube.com/watch?v=gT2d4rUE8GM"
"NC281","https://www.youtube.com/watch?v=b730CkxBFtY"
"NC280","https://www.youtube.com/watch?v=kNHpYQUx0bs"
"NC279","https://www.youtube.com/watch?v=5eglryzxpyQ"
"NC278","https://www.youtube.com/watch?v=YDjwIIgictY"
"NC277","https://www.youtube.com/watch?v=dCRP4Cb02dE"
"NC276","https://www.youtube.com/watch?v=LtljTs3GEiE"
"NC275","https://www.youtube.com/watch?v=uteTtIE4gGc"
"NC274","https://www.youtube.com/watch?v=3pJ4XCo69ZE"
"NC273","https://www.youtube.com/watch?v=yBM0n5lv0nw"
"NC272","https://www.youtube.com/watch?v=_9sRZlTd8SY"
"NC271","https://www.youtube.com/watch?v=oRgpAZILYe0"
"NC270","https://www.youtube.com/watch?v=HwDNgMXgOvg"
"NC269","https://www.youtube.com/watch?v=ykRq_DV2DRc"
"NC268","https://www.youtube.com/watch?v=Jj-k9ytYVfw"
"NC267","https://www.youtube.com/watch?v=fgNmHSr60kk"
"NC266","https://www.youtube.com/watch?v=be3oZlDKhAY"
"NC265","https://www.youtube.com/watch?v=rnvUGzCYQuE"
"NC264","https://www.youtube.com/watch?v=GEallHcMgCI"
"NC263","https://www.youtube.com/watch?v=v-6x4-tbPJQ"
"NC262","https://www.youtube.com/watch?v=w-YwMkBMwak"
"NC261","https://www.youtube.com/watch?v=PXhElX7yeTU"
"NC260","https://www.youtube.com/watch?v=6vcVf_xYLy0"
"NC259","https://www.youtube.com/watch?v=yg3K_lO0gq0"
"NC258","https://www.youtube.com/watch?v=Ao7-rIBcTsI"
"NC257","https://www.youtube.com/watch?v=lclKbG7pwyI"
"NC256","https://www.youtube.com/watch?v=6q2wPpbOLKM"
"NC255","https://www.youtube.com/watch?v=gBRMqPzDpaA"
"NC254","https://www.youtube.com/watch?v=hrQByWdt38I"
"NC253","https://www.youtube.com/watch?v=6zLRDHdJF4E"
"NC252","https://www.youtube.com/watch?v=GUY6W8JgzPI"
"NC251","https://www.youtube.com/watch?v=3GVy7jrPGM0"
"NC250","https://www.youtube.com/watch?v=53h_5fPauUw"
"NC249","https://www.youtube.com/watch?v=4R5JYsAMpdE"
"NC248","https://www.youtube.com/watch?v=mGntwOF6jSs"
"NC247","https://www.youtube.com/watch?v=aQKPA2ep0Pw"
"NC246","https://www.youtube.com/watch?v=zzliKuE9ksE"
"NC245","https://www.youtube.com/watch?v=jkl8pTKvFOU"
"NC244","https://www.youtube.com/watch?v=IreROPuB9Ig"
"NC243","https://www.youtube.com/watch?v=3Qz86h-2yS8"
"NC242","https://www.youtube.com/watch?v=3Bps4dK4SGk"
"NC241","https://www.youtube.com/watch?v=vz6zUusa1FM"
"NC240","https://www.youtube.com/watch?v=AXoRQx5P6Ew"
"NC239","https://www.youtube.com/watch?v=xEjIAemVD5M"
"NC238","https://www.youtube.com/watch?v=79Rc6ucs2yM"
"NC237A","https://www.youtube.com/watch?v=9oAWyj8nSVE"
"NC237","https://www.youtube.com/watch?v=X9lHfYW_7ZM"
"NC236","https://www.youtube.com/watch?v=F2gs4_MQ9ro"
"NC235","https://www.youtube.com/watch?v=6C9KW-qUncI"
"NC234","https://www.youtube.com/watch?v=zAGcfuUlOM0"
"NC233","https://www.youtube.com/watch?v=0dNlgQtlzt8"
"NC232","https://www.youtube.com/watch?v=dspUevBwHhA"
"NC231","https://www.youtube.com/watch?v=l7MuBb3IsJc"
"NC230","https://www.youtube.com/watch?v=P75z5BE6vpY"
"NC229","https://www.youtube.com/watch?v=oJeoxFc-coc"
"NC228","https://www.youtube.com/watch?v=CE4hrLgP560"
"NC227","https://www.youtube.com/watch?v=ICWeXts-KpM"
"NC226","https://www.youtube.com/watch?v=LLTJPl07jyU"
"NC225","https://www.youtube.com/watch?v=7N9P7JJUpxs"
"NC224","https://www.youtube.com/watch?v=s6xERuMg6fw"
"NC223","https://www.youtube.com/watch?v=neR844DE1Wg"
"NC222","https://www.youtube.com/watch?v=wtEn4E0wO_s"
"NC221","https://www.youtube.com/watch?v=IXVmvhm91aE"
"NC220","https://www.youtube.com/watch?v=oCeJ7DOPkuE"
"NC219","https://www.youtube.com/watch?v=pvewEndbgzA"
"NC218","https://www.youtube.com/watch?v=1HW9d3aP7Ko"
"NC217","https://www.youtube.com/watch?v=EKbIJo-SVNU"
"NC216","https://www.youtube.com/watch?v=URHkc92DMak"
"NC215","https://www.youtube.com/watch?v=fvPCQJFTqVc"
"NC214","https://www.youtube.com/watch?v=exFhWFiAFn0"
"NC213","https://www.youtube.com/watch?v=Ke3mr54zDyA"
"NC212","https://www.youtube.com/watch?v=3Xgd8I0SYFw"
"NC211","https://www.youtube.com/watch?v=YrF_l7Um5YQ"
"NC210","https://www.youtube.com/watch?v=Er9Joqn55EU"
"NC209","https://www.youtube.com/watch?v=GwKRxgf6-sQ"
"NC207","https://www.youtube.com/watch?v=sOPRzKDJH9k"
"NC206","https://www.youtube.com/watch?v=AsJCfS2qa3o"
"NC205","https://www.youtube.com/watch?v=sUTizvP0DA4"
"NC204","https://www.youtube.com/watch?v=uuqGjirPIvY"
"NC203","https://www.youtube.com/watch?v=adEmAdvADbw"
"NC202","https://www.youtube.com/watch?v=q_B6TEKyR-I"
"NC201","https://www.youtube.com/watch?v=CCV2bTHBhZQ"
"NC200","https://www.youtube.com/watch?v=0PQMlj39wMw"
"NC199","https://www.youtube.com/watch?v=qfhtp7TkEM4"
"NC198","https://www.youtube.com/watch?v=RHystxb5u54"
"NC197","https://www.youtube.com/watch?v=stGYk_vs7Oc"
"NC196","https://www.youtube.com/watch?v=ApVsp7IpzKo"
"NC195","https://www.youtube.com/watch?v=AMnuUkq6bo0"
"NC194","https://www.youtube.com/watch?v=-v9mjMmXv_I"
"NC193","https://www.youtube.com/watch?v=ZTAH6UbZ93c"
"NC192","https://www.youtube.com/watch?v=DTVbRoxtv_c"
"NC191","https://www.youtube.com/watch?v=GAtLSuomrFs"
"NC190","https://www.youtube.com/watch?v=nmsAvqnaKIo"
"NC189","https://www.youtube.com/watch?v=FtPwYmnHZs8"
"NC188","https://www.youtube.com/watch?v=C2gnKi0vSU0"
"NC187","https://www.youtube.com/watch?v=bSbLtZggz_o"
"NC186","https://www.youtube.com/watch?v=j32D6Ze9iks"
"NC185","https://www.youtube.com/watch?v=BDk9-iYjqxY"
"NC184","https://www.youtube.com/watch?v=dUaXssv4XPU"
"NC182","https://www.youtube.com/watch?v=J2j9Hox7zNc"
"NC181","https://www.youtube.com/watch?v=rzNFTycz6ts"
"NC180","https://www.youtube.com/watch?v=DEW_uEH6mnQ"
"NC179","https://www.youtube.com/watch?v=iCr_vjzqRXg"
"NC178","https://www.youtube.com/watch?v=le_My6LoUl0"
"NC177","https://www.youtube.com/watch?v=X0ZQk3hvsJ8"
"NC176","https://www.youtube.com/watch?v=m1U7GSnMq_0"
"NC175","https://www.youtube.com/watch?v=AVXlgTLKVt0"
"NC174","https://www.youtube.com/watch?v=E3ogc0bo5qU"
"NC173","https://www.youtube.com/watch?v=4DDNTC_v6zU"
"NC172","https://www.youtube.com/watch?v=WOPGqoMtTm8"
"NC171","https://www.youtube.com/watch?v=_sidq2phlsc"
"NC170","https://www.youtube.com/watch?v=dK3XWeHk1j0"
"NC169","https://www.youtube.com/watch?v=ZncQFBZ-GAM"
"NC168","https://www.youtube.com/watch?v=ZNx_TM9l5dM"
"NC167","https://www.youtube.com/watch?v=LWkLmzcCUMg"
"NC166","https://www.youtube.com/watch?v=Wb4gsfyEyzA"
"NC165","https://www.youtube.com/watch?v=chedCxnU598"
"NC164","https://www.youtube.com/watch?v=2v4RUdELMMM"
"NC163","https://www.youtube.com/watch?v=c1oC8Wrna7E"
"NC162","https://www.youtube.com/watch?v=xHJhk8YPSXE"
"NC161","https://www.youtube.com/watch?v=6qXcy2XvdaM"
"NC160","https://www.youtube.com/watch?v=HqpRw2a44yo"
"NC159","https://www.youtube.com/watch?v=ReKbZEEoSIE"
"NC158","https://www.youtube.com/watch?v=v1PqkvurBS8"
"NC157","https://www.youtube.com/watch?v=rSqwTEx0Yto"
"NC156","https://www.youtube.com/watch?v=pOSReB_OPWM"
"NC155","https://www.youtube.com/watch?v=zDmbF1UXW1o"
"NC154","https://www.youtube.com/watch?v=fyOenA1gTTs"
"NC153","https://www.youtube.com/watch?v=NyCM0y7fTbo"
"NC152","https://www.youtube.com/watch?v=O3jqeHqlnzc"
"NC151","https://www.youtube.com/watch?v=ppoJm8Ww6yo"
"NC150","https://www.youtube.com/watch?v=lZCQxUNCs5s"
"NC149","https://www.youtube.com/watch?v=jKPyXugrDhg"
"NC148","https://www.youtube.com/watch?v=BT6ZvRBALj8"
"NC147","https://www.youtube.com/watch?v=CIHXgshX9nI"
"NC146","https://www.youtube.com/watch?v=o3zYKE8SjpI"
"NC145","https://www.youtube.com/watch?v=-pTGF5Lh1Q4"
"NC144","https://www.youtube.com/watch?v=HTgWOK1YmEg"
"NC143","https://www.youtube.com/watch?v=q-uw9HHWWd4"
"NC142","https://www.youtube.com/watch?v=S6ehc8I4hMI"
"NC141","https://www.youtube.com/watch?v=eCprHtSuHWk"
"NC140","https://www.youtube.com/watch?v=wpCB9zPeneU"
"NC139","https://www.youtube.com/watch?v=xP8VNtzIwE4"
"NC138","https://www.youtube.com/watch?v=5kNc2EtBrsw"
"NC137","https://www.youtube.com/watch?v=xdY30hMQlX8"
"NC136","https://www.youtube.com/watch?v=O9Fhnz-CMYk"
"NC135","https://www.youtube.com/watch?v=ZF7sAEoGTeU"
"NC134","https://www.youtube.com/watch?v=hWxQBzM75d4"
"NC133","https://www.youtube.com/watch?v=ZVvqAI6oWsM"
"NC132","https://www.youtube.com/watch?v=dDH8k9r1npI"
"NC131","https://www.youtube.com/watch?v=wiedlaiTNjY"
"NC130","https://www.youtube.com/watch?v=fXZi4Y6hWII"
"NC129","https://www.youtube.com/watch?v=gBNooPMS5ZE"
"NC128","https://www.youtube.com/watch?v=ug4MGT4M6BQ"
"NC127","https://www.youtube.com/watch?v=qdIITP7CFMY"
"NC126","https://www.youtube.com/watch?v=HCZEn3Ce9g4"
"NC125","https://www.youtube.com/watch?v=H0_JxIC8OjU"
"NC124","https://www.youtube.com/watch?v=g4dp3wTEp7Y"
"NC123","https://www.youtube.com/watch?v=K-4fRpC-T2c"
"NC122","https://www.youtube.com/watch?v=IRJeMtip5h8"
"NC121","https://www.youtube.com/watch?v=yl7pfO4A8q0"
"NC120","https://www.youtube.com/watch?v=SVHIqY6SSKE"
"NC119","https://www.youtube.com/watch?v=C8POa24lwSE"
"NC118","https://www.youtube.com/watch?v=1LvYehVlBAM"
"NC117","https://www.youtube.com/watch?v=yOOR11ebu2M"
"NC116","https://www.youtube.com/watch?v=UkEFQjpBQz8"
"NC115","https://www.youtube.com/watch?v=zYLIlKbJWV0"
"NC114","https://www.youtube.com/watch?v=tcU9aq8lZ68"
"NC113","https://www.youtube.com/watch?v=KdCNEzItup0"
"NC112","https://www.youtube.com/watch?v=H78efETpbnI"
"NC111","https://www.youtube.com/watch?v=XvTUFkyuxXE"
"NC110A","https://www.youtube.com/watch?v=M5-t3PWiurI"
"NC110","https://www.youtube.com/watch?v=pxhMFceSyyo"
"NC109","https://www.youtube.com/watch?v=k9Vd-69t54M"
"NC108","https://www.youtube.com/watch?v=600wGPTDNvw"
"NC107","https://www.youtube.com/watch?v=tLGcwnd4xoU"
"NC106","https://www.youtube.com/watch?v=a7KlRbFxf8U"
"NC105","https://www.youtube.com/watch?v=JU3P-Yhb4G8"
"NC104","https://www.youtube.com/watch?v=4W_rpeZeohA"
"NC103","https://www.youtube.com/watch?v=z3QHdlqyx18"
"NC102","https://www.youtube.com/watch?v=HS9hfoPPyEs"
"NC101","https://www.youtube.com/watch?v=NjThRkFK7hc"
"NC100","https://www.youtube.com/watch?v=vIIs92FWF_I"
"NC99","https://www.youtube.com/watch?v=hD3w3KYYfds"
"NC98","https://www.youtube.com/watch?v=HXa8JRktWx0"
"NC97","https://www.youtube.com/watch?v=5exCwXwLbfk"
"NC96","https://www.youtube.com/watch?v=S1O91oKpqvQ"
"NC95","https://www.youtube.com/watch?v=asUCN5HxCek"
"NC94","https://www.youtube.com/watch?v=5nDVeQKRbWI"
"NC93","https://www.youtube.com/watch?v=bbOhEFUaCQo"
"NC92","https://www.youtube.com/watch?v=iKgujAQLN3o"
"NC91","https://www.youtube.com/watch?v=4xJoYNsuFEo"
"NC90","https://www.youtube.com/watch?v=x2chCe7nylI"
"NC89","https://www.youtube.com/watch?v=TOL5ufopjsk"
"NC88","https://www.youtube.com/watch?v=ETpPe2nvvT4"
"NC87","https://www.youtube.com/watch?v=CTdePhkrNjo"
"NC86","https://www.youtube.com/watch?v=8MCgGtQrt5s"
"NC85","https://www.youtube.com/watch?v=GbpICHc4afs"
"NC84","https://www.youtube.com/watch?v=1E52g8do7Xc"
"NC83","https://www.youtube.com/watch?v=PLMSnva4Gp4"
"NC82","https://www.youtube.com/watch?v=vrrOYBkv36k"
"NC81","https://www.youtube.com/watch?v=IShLdEpVzLw"
"NC80","https://www.youtube.com/watch?v=-Nr5N9e276s"
"NC79","https://www.youtube.com/watch?v=bL-zPRwc2Vw"
"NC78","https://www.youtube.com/watch?v=lmG9al3-jm0"
"NC77","https://www.youtube.com/watch?v=moGBagzCSR8"
"NC76","https://www.youtube.com/watch?v=71-CrdAzgCg"
"NC75","https://www.youtube.com/watch?v=lfGLIhmnfqQ"
"NC74","https://www.youtube.com/watch?v=BPyLZM2cgRQ"
"NC73","https://www.youtube.com/watch?v=6lPEpDhcXMM"
"NC72","https://www.youtube.com/watch?v=er2_KnJ9RfQ"
"NC71","https://www.youtube.com/watch?v=jhkLsqYZoYo"
"NC70","https://www.youtube.com/watch?v=-uIDz6RybhE"
"NC69","https://www.youtube.com/watch?v=bEvO6cLIxww"
"NC68","https://www.youtube.com/watch?v=mdZxPlxR7_U"
"NC67","https://www.youtube.com/watch?v=qix7L17rY24"
"NC66","https://www.youtube.com/watch?v=oREeiQeeHso"
"NC65","https://www.youtube.com/watch?v=eTTvwjlnCaw"
"NC64","https://www.youtube.com/watch?v=nJBgmgo6_NA"
"NC63","https://www.youtube.com/watch?v=-XeMZrrT3Zk"
"NC62","https://www.youtube.com/watch?v=AkwN_j2K1XE"
"NC61","https://www.youtube.com/watch?v=YqCcrCRekqo"
"NC60","https://www.youtube.com/watch?v=oN4WVDL5Wng"
"NC59","https://www.youtube.com/watch?v=vC-dWfyvbG4"
"NC58","https://www.youtube.com/watch?v=6wvR9OQK9DM"
"NC57","https://www.youtube.com/watch?v=MH72Jt3nwDc"
"NC56","https://www.youtube.com/watch?v=C8M96myPPnE"
"NC55","https://www.youtube.com/watch?v=dkO62xEdiHY"
"NC54","https://www.youtube.com/watch?v=ZDROOfV9cTI"
"NC53","https://www.youtube.com/watch?v=xbDoFg7cNII"
"NC52","https://www.youtube.com/watch?v=bjKBc4SfzF4"
"NC51","https://www.youtube.com/watch?v=z5yBtdIYnUE"
"NC50","https://www.youtube.com/watch?v=0vKm6jLAk3M"
"NC49","https://www.youtube.com/watch?v=nVS4Gf7yFTM"
"NC48","https://www.youtube.com/watch?v=Q6S4upFzyj4"
"NC47","https://www.youtube.com/watch?v=9qtXtWzm7_o"
"NC46","https://www.youtube.com/watch?v=-mz0pvSDRkM"
"NC45","https://www.youtube.com/watch?v=aBnYUgUBGWo"
"NC44","https://www.youtube.com/watch?v=5pvCWv-qL8g"
"NC43","https://www.youtube.com/watch?v=lwgRIpGBMz8"
"NC42","https://www.youtube.com/watch?v=0h8kJRpP_vk"
"NC41","https://www.youtube.com/watch?v=5WrxHYsQrLs"
"NC40","https://www.youtube.com/watch?v=Ywbohx87cQ4"
"NC39","https://www.youtube.com/watch?v=idKpSLZ5ARA"
"NC38","https://www.youtube.com/watch?v=8j1SzV8V2E4"
"NC37","https://www.youtube.com/watch?v=kWLgwRdGPWU"
"NC36","https://www.youtube.com/watch?v=fgEm_FQBT1M"
"NC35","https://www.youtube.com/watch?v=7QRLFVLo5v0"
"NC34","https://www.youtube.com/watch?v=_LjZ64dFeN4"
"NC33","https://www.youtube.com/watch?v=1Ew1QoaAuxo"
"NC32","https://www.youtube.com/watch?v=XHXp1TjvbPI"
"NC31","https://www.youtube.com/watch?v=V_SHAlOR3eI"
"NC30","https://www.youtube.com/watch?v=7fPfUU349zQ"
"NC29","https://www.youtube.com/watch?v=YIvlM_fe4II"
"NC28","https://www.youtube.com/watch?v=4Q-_FbTisOg"
"NC26","https://www.youtube.com/watch?v=aVBHQNWv_y4"
"NC25","https://www.youtube.com/watch?v=-3BvxdK3LPc"
"NC24","https://www.youtube.com/watch?v=JCAmqgxA_6Y"
"NC23","https://www.youtube.com/watch?v=gB13bxz7rq4"
"NC22","https://www.youtube.com/watch?v=e6Wlm9Of9zg"
"NC21","https://www.youtube.com/watch?v=x1q6Yhb-GxU"
"NC20","https://www.youtube.com/watch?v=QxriQuhRzHY"
"NC19","https://www.youtube.com/watch?v=ITPC6TpSRmo"
"NC18","https://www.youtube.com/watch?v=YsQC-TVFDn0"
"NC17","https://www.youtube.com/watch?v=xuhxXqfGVvE"
"NC16","https://www.youtube.com/watch?v=70gYQU27YsQ"
"NC15","https://www.youtube.com/watch?v=Lrx-z5UsTvQ"
"NC14","https://www.youtube.com/watch?v=Jyk7GMvS34g"
"NC13","https://www.youtube.com/watch?v=nfqPB0smlK8"
"NC12","https://www.youtube.com/watch?v=QK4GZCrceFo"
"NC11","https://www.youtube.com/watch?v=NwMUSHiyANg"
"NC10","https://www.youtube.com/watch?v=dzoJKpfF_tc"
"NC9","https://www.youtube.com/watch?v=NVAjLkIehqA"
"NC8","https://www.youtube.com/watch?v=8lIB9qwaw-8"
"NC7","https://www.youtube.com/watch?v=etU1J67EG8g"
"NC6","https://www.youtube.com/watch?v=BbAhwGGK8mM"
"NC5","https://www.youtube.com/watch?v=TH38wHhUsDo"
"NC4","https://www.youtube.com/watch?v=uq6pls24vEc"
"NC3","https://www.youtube.com/watch?v=3jQjw5XXFMg"
"NC2","https://www.youtube.com/watch?v=Yty2j-XlJeI"
"NC1","https://www.youtube.com/watch?v=NTnY0e46FHA"
